customer_state,customers,orders,total_revenue,avg_order_value
SP,40500,40500,5770266.19,136.387118
RJ,12350,12350,2055690.45,158.081394
MG,11354,11354,1819277.61,154.123823
RS,5345,5345,861802.40,155.447763
PR,4923,4923,781919.55,152.450682
SC,3546,3546,595208.40,162.580825
BA,3256,3256,591270.60,169.759001
DF,2080,2080,346146.17,161.599519
GO,1957,1957,334294.22,163.309340
ES,1995,1995,317682.65,153.618303
